{
	"format_version": "1.8.0",
	"animations": {
		"fire_double": {
			"loop": false,
			"animation_length": 0.5417,
			"bones": {
				"torso": {
					"rotation": {
						"0.0": [0, 32.5, 0],
						"0.2083": [-11.86066, 39.9946, -5.26995],
						"0.5": [0, 32.5, 0]
					},
					"position": {
						"0.0": [0, 0, 0],
						"0.2083": [0, 0, 2],
						"0.5": [0, 0, 0]
					}
				},
				"head": {
					"rotation": {
						"0.0417": [0, 5, -5],
						"0.25": [-10.23961, 1.17783, -7.49605],
						"0.5417": [0, 5, -5]
					},
					"position": {
						"0.0": [0, 0, 0.5],
						"0.2083": [0, 0, 1.5],
						"0.5": [0, 0, 0.5]
					}
				},
				"right_arm": {
					"rotation": {
						"0.0": [-90, 0, 0],
						"0.125": [-95.65675, 1.68925, -4.56369],
						"0.5": [-90, 0, 0]
					},
					"position": {
						"0.0": [1, 0, 4],
						"0.125": [1, 0, 6],
						"0.5": [1, 0, 4]
					}
				},
				"left_arm": {
					"rotation": {
						"0.0": [-82.2492, 49.74086, 5.92994],
						"0.125": [-96.08717, 59.69708, 4.29716],
						"0.5": [-82.2492, 49.74086, 5.92994]
					},
					"position": {
						"0.0": [-1, 0, -2],
						"0.125": [-1, 0, 0],
						"0.5": [-1, 0, -2]
					}
				},
				"right_leg": {
					"rotation": {
						"0.0": [12.5, 0, 0],
						"0.2083": [15, 0, 0],
						"0.5": [12.5, 0, 0]
					},
					"position": [0, 0, 0.75]
				},
				"left_leg": {
					"rotation": {
						"0.0": [-5, 0, 0],
						"0.2083": [-10, 0, 0],
						"0.4583": [-5, 0, 0]
					},
					"position": {
						"0.0": [0, 0, -0.75],
						"0.2083": [0, 0, 0],
						"0.4583": [0, 0, -0.75]
					}
				},
				"rightItem": {
					"rotation": {
						"0.0417": [0, 0, 0],
						"0.25": [-4.99815, 0.04635, -0.12983],
						"0.5417": [0, 0, 0]
					}
				}
			}
		}
	}
}