{
	"format_version": "1.8.0",
	"animations": {
		"gunreloadl": {
			"animation_length": 0.125,
			"bones": {
				"right_arm": {
					"rotation": {
						"0.0": [-72.56291, -11.5296, 5.09961],
						"0.125": [-72.56, -11.53, 5.1]
					}
				},
				"left_arm": {
					"rotation": {
						"0.0": [-71.82288, 36.9757, 5.09961],
						"0.125": [-71.82, 36.98, 5.1]
					}
				}
			}
		}
	}
}